SALESORDERID,CREATEDBY,CREATEDAT,CHANGEDBY,CHANGEDAT,FISCVARIANT,FISCALYEARPERIOD,PARTNERID,SALESORG,CURRENCY,GROSSAMOUNT,NETAMOUNT,TAXAMOUNT,LIFECYCLESTATUS,BILLINGSTATUS,DELIVERYSTATUS,FISCAL_PERIOD
500000000,4,2018-01-11,4,2018-01-16,K4,2018001,100000022,APJ,USD,13587,11888.625,1698.375,C,C,C,2018-01
500000001,2,2018-01-12,2,2018-01-15,K4,2018001,100000026,EMEA,USD,12622,11044.25,1577.75,C,C,C,2018-01
500000002,5,2018-01-15,5,2018-01-20,K4,2018001,100000018,APJ,USD,45655,39948.125,5706.875,C,C,C,2018-01
500000003,3,2018-01-15,3,2018-01-20,K4,2018001,100000009,EMEA,USD,101786,89062.75,12723.25,C,C,C,2018-01
500000004,8,2018-01-16,8,2018-01-17,K4,2018001,100000025,EMEA,USD,71684,62723.5,8960.5,C,C,C,2018-01
500000005,8,2018-01-16,8,2018-01-19,K4,2018001,100000008,EMEA,USD,104213,91186.375,13026.625,C,C,C,2018-01
500000006,3,2018-01-17,3,2018-01-20,K4,2018001,100000038,EMEA,USD,173987,152238.625,21748.375,C,C,C,2018-01
500000007,4,2018-01-19,4,2018-01-21,K4,2018001,100000020,APJ,USD,1398,1223.25,174.75,C,C,C,2018-01
500000008,3,2018-01-20,3,2018-01-22,K4,2018001,100000028,EMEA,USD,127803,111827.625,15975.375,C,C,C,2018-01
500000009,4,2018-01-21,4,2018-01-22,K4,2018001,100000021,APJ,USD,79101,69213.375,9887.625,C,C,C,2018-01
500000010,1,2018-01-24,1,2018-01-26,K4,2018001,100000004,AMER,USD,10322,9031.75,1290.25,C,C,C,2018-01
500000011,4,2018-01-27,4,2018-01-30,K4,2018001,100000020,APJ,USD,99421,86993.375,12427.625,C,C,C,2018-01
500000012,4,2018-01-30,4,2018-02-04,K4,2018001,100000022,APJ,USD,15630,13676.25,1953.75,C,C,C,2018-01
500000013,11,2018-02-02,11,2018-02-05,K4,2018002,100000031,AMER,USD,70162,61391.75,8770.25,C,C,C,2018-02
500000014,11,2018-02-03,11,2018-02-05,K4,2018002,100000033,AMER,USD,32734,28642.25,4091.75,C,C,C,2018-02
500000015,10,2018-02-04,10,2018-02-09,K4,2018002,100000032,AMER,USD,21194,18544.75,2649.25,C,C,C,2018-02
500000016,8,2018-02-05,8,2018-02-10,K4,2018002,100000025,EMEA,USD,40691,35604.625,5086.375,C,C,C,2018-02
500000017,13,2018-02-06,13,2018-02-11,K4,2018002,100000030,AMER,USD,75228,65824.5,9403.5,C,C,C,2018-02
500000018,1,2018-02-06,1,2018-02-07,K4,2018002,100000034,AMER,USD,2871,2512.125,358.875,C,C,C,2018-02
500000019,12,2018-02-07,12,2018-02-10,K4,2018002,100000034,AMER,USD,27515,24075.625,3439.375,C,C,C,2018-02
500000020,11,2018-02-09,11,2018-02-12,K4,2018002,100000001,AMER,USD,57880,50645.0,7235.0,C,C,C,2018-02
500000021,7,2018-02-09,7,2018-02-12,K4,2018002,100000001,AMER,USD,379,331.625,47.375,C,C,C,2018-02
500000022,3,2018-02-10,3,2018-02-14,K4,2018002,100000011,EMEA,USD,6950,6081.25,868.75,C,C,C,2018-02
500000023,3,2018-02-13,3,2018-02-17,K4,2018002,100000012,EMEA,USD,85808,75082.0,10726.0,C,C,C,2018-02
500000024,4,2018-02-13,4,2018-02-14,K4,2018002,100000015,APJ,USD,95368,83447.0,11921.0,C,C,C,2018-02
500000025,2,2018-02-14,2,2018-02-16,K4,2018002,100000010,EMEA,USD,55575,48628.125,6946.875,C,C,C,2018-02
500000026,2,2018-02-15,2,2018-02-20,K4,2018002,100000012,EMEA,USD,85918,75178.25,10739.75,C,C,C,2018-02
500000027,5,2018-02-18,5,2018-02-21,K4,2018002,100000016,APJ,USD,104374,91327.25,13046.75,C,C,C,2018-02
500000028,4,2018-02-19,4,2018-02-23,K4,2018002,100000019,APJ,USD,70930,62063.75,8866.25,C,C,C,2018-02
500000029,5,2018-02-20,5,2018-02-22,K4,2018002,100000020,APJ,USD,95673,83713.875,11959.125,C,C,C,2018-02
500000030,8,2018-02-22,8,2018-02-26,K4,2018002,100000028,EMEA,USD,76022,66519.25,9502.75,C,C,C,2018-02
500000031,2,2018-02-23,2,2018-02-25,K4,2018002,100000011,EMEA,USD,49552,43358.0,6194.0,C,C,C,2018-02
500000032,9,2018-02-23,9,2018-02-28,K4,2018002,100000030,AMER,USD,57255,50098.125,7156.875,C,C,C,2018-02
500000033,4,2018-02-24,4,2018-02-28,K4,2018002,100000023,APJ,USD,73179,64031.625,9147.375,C,C,C,2018-02
500000034,4,2018-02-27,4,2018-03-03,K4,2018002,100000021,APJ,USD,30737,26894.875,3842.125,C,C,C,2018-02
500000035,14,2018-03-01,14,2018-03-02,K4,2018003,100000004,AMER,USD,50897,44534.875,6362.125,C,C,C,2018-03
500000036,2,2018-03-02,2,2018-03-05,K4,2018003,100000010,EMEA,USD,96759,84664.125,12094.875,C,C,C,2018-03
500000037,8,2018-03-03,8,2018-03-08,K4,2018003,100000038,EMEA,USD,6048,5292.0,756.0,C,C,C,2018-03
500000038,9,2018-03-04,9,2018-03-05,K4,2018003,100000001,AMER,USD,46443,40637.625,5805.375,C,C,C,2018-03
500000039,2,2018-03-05,2,2018-03-06,K4,2018003,100000007,EMEA,USD,13248,11592.0,1656.0,C,C,C,2018-03
500000040,8,2018-03-06,8,2018-03-11,K4,2018003,100000005,EMEA,USD,43638,38183.25,5454.75,C,C,C,2018-03
500000041,8,2018-03-07,8,2018-03-08,K4,2018003,100000009,EMEA,USD,29100,25462.5,3637.5,C,C,C,2018-03
500000042,6,2018-03-10,6,2018-03-14,K4,2018003,100000025,EMEA,USD,31474,27539.75,3934.25,C,C,C,2018-03
500000043,6,2018-03-11,6,2018-03-13,K4,2018003,100000039,EMEA,USD,35479,31044.125,4434.875,C,C,C,2018-03
500000044,4,2018-03-14,4,2018-03-17,K4,2018003,100000021,APJ,USD,1266,1107.75,158.25,C,C,C,2018-03
500000045,2,2018-03-16,2,2018-03-20,K4,2018003,100000014,EMEA,USD,9000,7875.0,1125.0,C,C,C,2018-03
500000046,4,2018-03-19,4,2018-03-21,K4,2018003,100000024,APJ,USD,95561,83615.875,11945.125,C,C,C,2018-03
500000047,8,2018-03-20,8,2018-03-22,K4,2018003,100000038,EMEA,USD,2288,2002.0,286.0,C,C,C,2018-03
500000048,6,2018-03-21,6,2018-03-26,K4,2018003,100000014,EMEA,USD,60113,52598.875,7514.125,C,C,C,2018-03
500000049,8,2018-03-21,8,2018-03-25,K4,2018003,100000009,EMEA,USD,75646,66190.25,9455.75,C,C,C,2018-03
500000050,4,2018-03-24,4,2018-03-26,K4,2018003,100000020,APJ,USD,56388,49339.5,7048.5,C,C,C,2018-03
500000051,4,2018-03-27,4,2018-04-01,K4,2018003,100000021,APJ,USD,21980,19232.5,2747.5,C,C,C,2018-03
500000052,5,2018-03-28,5,2018-04-01,K4,2018003,100000022,APJ,USD,15643,13687.625,1955.375,C,C,C,2018-03
500000053,2,2018-03-29,2,2018-03-31,K4,2018003,100000039,EMEA,USD,23778,20805.75,2972.25,C,C,C,2018-03
500000054,9,2018-03-30,9,2018-04-03,K4,2018003,100000030,AMER,USD,37718,33003.25,4714.75,C,C,C,2018-03
500000055,3,2018-04-01,3,2018-04-04,K4,2018004,100000014,EMEA,USD,70615,61788.125,8826.875,C,C,C,2018-04
500000056,1,2018-04-03,1,2018-04-04,K4,2018004,100000033,AMER,USD,98082,85821.75,12260.25,C,C,C,2018-04
500000057,9,2018-04-06,9,2018-04-10,K4,2018004,100000034,AMER,USD,29441,25760.875,3680.125,C,C,C,2018-04
500000058,7,2018-04-07,7,2018-04-09,K4,2018004,100000000,AMER,USD,82715,72375.625,10339.375,C,C,C,2018-04
500000059,2,2018-04-10,2,2018-04-12,K4,2018004,100000009,EMEA,USD,50763,44417.625,6345.375,C,C,C,2018-04
500000060,4,2018-04-13,4,2018-04-14,K4,2018004,100000015,APJ,USD,55380,48457.5,6922.5,C,C,C,2018-04
500000061,3,2018-04-15,3,2018-04-19,K4,2018004,100000008,EMEA,USD,52312,45773.0,6539.0,C,C,C,2018-04
500000062,11,2018-04-16,11,2018-04-19,K4,2018004,100000003,AMER,USD,1598,1398.25,199.75,C,C,C,2018-04
500000063,9,2018-04-19,9,2018-04-22,K4,2018004,100000004,AMER,USD,157214,137562.25,19651.75,C,C,C,2018-04
500000064,4,2018-04-20,4,2018-04-22,K4,2018004,100000023,APJ,USD,86746,75902.75,10843.25,C,C,C,2018-04
500000065,4,2018-04-22,4,2018-04-23,K4,2018004,100000016,APJ,USD,79857,69874.875,9982.125,C,C,C,2018-04
500000066,13,2018-04-24,13,2018-04-25,K4,2018004,100000032,AMER,USD,3245,2839.375,405.625,C,C,C,2018-04
500000067,6,2018-04-24,6,2018-04-28,K4,2018004,100000029,EMEA,USD,30531,26714.625,3816.375,C,C,C,2018-04
500000068,6,2018-04-24,6,2018-04-26,K4,2018004,100000010,EMEA,USD,61101,53463.375,7637.625,C,C,C,2018-04
500000069,2,2018-04-26,2,2018-04-30,K4,2018004,100000009,EMEA,USD,60306,52767.75,7538.25,C,C,C,2018-04
500000070,9,2018-04-27,9,2018-05-02,K4,2018004,100000034,AMER,USD,51608,45157.0,6451.0,C,C,C,2018-04
500000071,4,2018-04-27,4,2018-04-29,K4,2018004,100000023,APJ,USD,20880,18270.0,2610.0,C,C,C,2018-04
500000072,5,2018-04-27,5,2018-04-28,K4,2018004,100000021,APJ,USD,127657,111699.875,15957.125,C,C,C,2018-04
500000073,8,2018-04-28,8,2018-04-30,K4,2018004,100000006,EMEA,USD,8091,7079.625,1011.375,C,C,C,2018-04
500000074,6,2018-05-01,6,2018-05-03,K4,2018005,100000028,EMEA,USD,115705,101241.875,14463.125,C,C,C,2018-05
500000075,5,2018-05-04,5,2018-05-07,K4,2018005,100000015,APJ,USD,97518,85328.25,12189.75,C,C,C,2018-05
500000076,1,2018-05-06,1,2018-05-11,K4,2018005,100000033,AMER,USD,102586,89762.75,12823.25,C,C,C,2018-05
500000077,4,2018-05-06,4,2018-05-08,K4,2018005,100000017,APJ,USD,28086,24575.25,3510.75,C,C,C,2018-05
500000078,10,2018-05-09,10,2018-05-11,K4,2018005,100000001,AMER,USD,62302,54514.25,7787.75,C,C,C,2018-05
500000079,1,2018-05-11,1,2018-05-16,K4,2018005,100000032,AMER,USD,59180,51782.5,7397.5,C,C,C,2018-05
500000080,13,2018-05-13,13,2018-05-17,K4,2018005,100000004,AMER,USD,103772,90800.5,12971.5,C,C,C,2018-05
500000081,1,2018-05-16,1,2018-05-19,K4,2018005,100000032,AMER,USD,24845,21739.375,3105.625,C,C,C,2018-05
500000082,3,2018-05-19,3,2018-05-22,K4,2018005,100000012,EMEA,USD,12989,11365.375,1623.625,C,C,C,2018-05
500000083,3,2018-05-19,3,2018-05-23,K4,2018005,100000035,EMEA,USD,29118,25478.25,3639.75,C,C,C,2018-05
500000084,6,2018-05-19,6,2018-05-23,K4,2018005,100000027,EMEA,USD,87561,76615.875,10945.125,C,C,C,2018-05
500000085,10,2018-05-21,10,2018-05-25,K4,2018005,100000002,AMER,USD,48373,42326.375,6046.625,C,C,C,2018-05
500000086,14,2018-05-23,14,2018-05-24,K4,2018005,100000004,AMER,USD,21695,18983.125,2711.875,C,C,C,2018-05
500000087,3,2018-05-25,3,2018-05-26,K4,2018005,100000029,EMEA,USD,70368,61572.0,8796.0,C,C,C,2018-05
500000088,10,2018-05-28,10,2018-06-02,K4,2018005,100000002,AMER,USD,73949,64705.375,9243.625,C,C,C,2018-05
500000089,13,2018-05-30,13,2018-06-03,K4,2018005,100000033,AMER,USD,41484,36298.5,5185.5,C,C,C,2018-05
500000090,10,2018-06-01,10,2018-06-03,K4,2018006,100000001,AMER,USD,86264,75481.0,10783.0,C,C,C,2018-06
500000091,2,2018-06-03,2,2018-06-07,K4,2018006,100000035,EMEA,USD,28191,24667.125,3523.875,C,C,C,2018-06
500000092,2,2018-06-06,2,2018-06-09,K4,2018006,100000037,EMEA,USD,42500,37187.5,5312.5,C,C,C,2018-06
500000093,4,2018-06-09,4,2018-06-11,K4,2018006,100000020,APJ,USD,43266,37857.75,5408.25,C,C,C,2018-06
500000094,4,2018-06-09,4,2018-06-13,K4,2018006,100000018,APJ,USD,26337,23044.875,3292.125,C,C,C,2018-06
500000095,8,2018-06-12,8,2018-06-17,K4,2018006,100000014,EMEA,USD,9593,8393.875,1199.125,C,C,C,2018-06
500000096,8,2018-06-12,8,2018-06-15,K4,2018006,100000029,EMEA,USD,97311,85147.125,12163.875,C,C,C,2018-06
500000097,12,2018-06-14,12,2018-06-15,K4,2018006,100000032,AMER,USD,59317,51902.375,7414.625,C,C,C,2018-06
500000098,4,2018-06-15,4,2018-06-16,K4,2018006,100000024,APJ,USD,109554,95859.75,13694.25,C,C,C,2018-06
500000099,5,2018-06-17,5,2018-06-19,K4,2018006,100000015,APJ,USD,41279,36119.125,5159.875,C,C,C,2018-06
500000100,6,2018-06-19,6,2018-06-23,K4,2018006,100000014,EMEA,USD,53830,47101.25,6728.75,C,C,C,2018-06
500000101,13,2018-06-21,13,2018-06-23,K4,2018006,100000001,AMER,USD,46601,40775.875,5825.125,C,C,C,2018-06
500000102,8,2018-06-22,8,2018-06-26,K4,2018006,100000026,EMEA,USD,7191,6292.125,898.875,C,C,C,2018-06
500000103,8,2018-06-25,8,2018-06-30,K4,2018006,100000010,EMEA,USD,96695,84608.125,12086.875,C,C,C,2018-06
500000104,8,2018-06-28,8,2018-06-30,K4,2018006,100000008,EMEA,USD,17510,15321.25,2188.75,C,C,C,2018-06
500000105,14,2018-06-30,14,2018-07-04,K4,2018006,100000030,AMER,USD,55179,48281.625,6897.375,C,C,C,2018-06
500000106,3,2018-07-03,3,2018-07-06,K4,2018007,100000005,EMEA,USD,44294,38757.25,5536.75,C,C,C,2018-07
500000107,12,2018-07-05,12,2018-07-08,K4,2018007,100000034,AMER,USD,86805,75954.375,10850.625,C,C,C,2018-07
500000108,11,2018-07-06,11,2018-07-08,K4,2018007,100000000,AMER,USD,55623,48670.125,6952.875,C,C,C,2018-07
500000109,4,2018-07-06,4,2018-07-10,K4,2018007,100000022,APJ,USD,54990,48116.25,6873.75,C,C,C,2018-07
500000110,3,2018-07-07,3,2018-07-10,K4,2018007,100000009,EMEA,USD,65091,56954.625,8136.375,C,C,C,2018-07
500000111,2,2018-07-07,2,2018-07-12,K4,2018007,100000026,EMEA,USD,30464,26656.0,3808.0,C,C,C,2018-07
500000112,4,2018-07-10,4,2018-07-13,K4,2018007,100000017,APJ,USD,62204,54428.5,7775.5,X,X,X,2018-07
500000113,9,2018-07-12,9,2018-07-15,K4,2018007,100000001,AMER,USD,107321,93905.875,13415.125,C,C,C,2018-07
500000114,12,2018-07-13,12,2018-07-16,K4,2018007,100000034,AMER,USD,14807,12956.125,1850.875,C,C,C,2018-07
500000115,12,2018-07-15,12,2018-07-17,K4,2018007,100000003,AMER,USD,75693,66231.375,9461.625,C,C,C,2018-07
500000116,3,2018-07-16,3,2018-07-17,K4,2018007,100000036,EMEA,USD,4392,3843.0,549.0,C,C,C,2018-07
500000117,8,2018-07-19,8,2018-07-22,K4,2018007,100000027,EMEA,USD,12495,10933.125,1561.875,C,C,C,2018-07
500000118,4,2018-07-21,4,2018-07-24,K4,2018007,100000015,APJ,USD,66584,58261.0,8323.0,C,C,C,2018-07
500000119,4,2018-07-22,4,2018-07-25,K4,2018007,100000019,APJ,USD,71699,62736.625,8962.375,C,C,C,2018-07
500000120,4,2018-07-22,4,2018-07-26,K4,2018007,100000016,APJ,USD,81501,71313.375,10187.625,C,C,C,2018-07
500000121,5,2018-07-23,5,2018-07-28,K4,2018007,100000021,APJ,USD,55266,48357.75,6908.25,C,C,C,2018-07
500000122,5,2018-07-24,5,2018-07-27,K4,2018007,100000020,APJ,USD,35318,30903.25,4414.75,C,C,C,2018-07
500000123,1,2018-07-24,1,2018-07-25,K4,2018007,100000033,AMER,USD,43924,38433.5,5490.5,C,C,C,2018-07
500000124,3,2018-07-26,3,2018-07-27,K4,2018007,100000008,EMEA,USD,71289,62377.875,8911.125,C,C,C,2018-07
500000125,6,2018-07-26,6,2018-07-29,K4,2018007,100000028,EMEA,USD,32093,28081.375,4011.625,C,C,C,2018-07
500000126,3,2018-07-27,3,2018-07-28,K4,2018007,100000006,EMEA,USD,193987,169738.625,24248.375,C,C,C,2018-07
500000127,4,2018-07-27,4,2018-07-29,K4,2018007,100000023,APJ,USD,51985,45486.875,6498.125,C,C,C,2018-07
500000128,1,2018-07-27,1,2018-07-28,K4,2018007,100000032,AMER,USD,29097,25459.875,3637.125,C,C,C,2018-07
500000129,3,2018-07-30,3,2018-08-01,K4,2018007,100000005,EMEA,USD,109947,96203.625,13743.375,C,C,C,2018-07
500000130,6,2018-08-02,6,2018-08-05,K4,2018008,100000038,EMEA,USD,110778,96930.75,13847.25,C,C,C,2018-08
500000131,10,2018-08-05,10,2018-08-10,K4,2018008,100000001,AMER,USD,86689,75852.875,10836.125,C,C,C,2018-08
500000132,8,2018-08-08,8,2018-08-09,K4,2018008,100000029,EMEA,USD,17493,15306.375,2186.625,C,C,C,2018-08
500000133,5,2018-08-11,5,2018-08-15,K4,2018008,100000016,APJ,USD,6003,5252.625,750.375,C,C,C,2018-08
500000134,5,2018-08-14,5,2018-08-16,K4,2018008,100000024,APJ,USD,33409,29232.875,4176.125,C,C,C,2018-08
500000135,4,2018-08-17,4,2018-08-20,K4,2018008,100000020,APJ,USD,131393,114968.875,16424.125,C,C,C,2018-08
500000136,3,2018-08-20,3,2018-08-23,K4,2018008,100000009,EMEA,USD,47816,41839.0,5977.0,C,C,C,2018-08
500000137,2,2018-08-20,2,2018-08-21,K4,2018008,100000007,EMEA,USD,55372,48450.5,6921.5,C,C,C,2018-08
500000138,12,2018-08-20,12,2018-08-25,K4,2018008,100000033,AMER,USD,81833,71603.875,10229.125,C,C,C,2018-08
500000139,6,2018-08-23,6,2018-08-24,K4,2018008,100000014,EMEA,USD,51576,45129.0,6447.0,C,C,C,2018-08
500000140,5,2018-08-23,5,2018-08-28,K4,2018008,100000015,APJ,USD,99871,87387.125,12483.875,C,C,C,2018-08
500000141,5,2018-08-25,5,2018-08-30,K4,2018008,100000023,APJ,USD,47703,41740.125,5962.875,C,C,C,2018-08
500000142,11,2018-08-28,11,2018-08-30,K4,2018008,100000004,AMER,USD,33890,29653.75,4236.25,C,C,C,2018-08
500000143,5,2018-08-29,5,2018-09-01,K4,2018008,100000020,APJ,USD,21862,19129.25,2732.75,C,C,C,2018-08
500000144,4,2018-09-01,4,2018-09-05,K4,2018009,100000023,APJ,USD,60566,52995.25,7570.75,C,C,C,2018-09
500000145,8,2018-09-01,8,2018-09-02,K4,2018009,100000007,EMEA,USD,40539,35471.625,5067.375,C,C,C,2018-09
500000146,5,2018-09-03,5,2018-09-05,K4,2018009,100000020,APJ,USD,90216,78939.0,11277.0,C,C,C,2018-09
500000147,2,2018-09-03,2,2018-09-06,K4,2018009,100000036,EMEA,USD,45043,39412.625,5630.375,C,C,C,2018-09
500000148,14,2018-09-03,14,2018-09-06,K4,2018009,100000004,AMER,USD,109812,96085.5,13726.5,C,C,C,2018-09
500000149,4,2018-09-06,4,2018-09-10,K4,2018009,100000018,APJ,USD,62687,54851.125,7835.875,C,C,C,2018-09
500000150,5,2018-09-06,5,2018-09-09,K4,2018009,100000023,APJ,USD,72691,63604.625,9086.375,C,C,C,2018-09
500000151,3,2018-09-08,3,2018-09-10,K4,2018009,100000039,EMEA,USD,14874,13014.75,1859.25,C,C,C,2018-09
500000152,2,2018-09-11,2,2018-09-12,K4,2018009,100000014,EMEA,USD,64433,56378.875,8054.125,C,C,C,2018-09
500000153,4,2018-09-12,4,2018-09-13,K4,2018009,100000016,APJ,USD,69265,60606.875,8658.125,C,C,C,2018-09
500000154,2,2018-09-12,2,2018-09-15,K4,2018009,100000037,EMEA,USD,124062,108554.25,15507.75,C,C,C,2018-09
500000155,8,2018-09-15,8,2018-09-20,K4,2018009,100000035,EMEA,USD,70063,61305.125,8757.875,C,C,C,2018-09
500000156,2,2018-09-15,2,2018-09-18,K4,2018009,100000039,EMEA,USD,108752,95158.0,13594.0,C,C,C,2018-09
500000157,9,2018-09-17,9,2018-09-20,K4,2018009,100000003,AMER,USD,105359,92189.125,13169.875,C,C,C,2018-09
500000158,2,2018-09-19,2,2018-09-22,K4,2018009,100000011,EMEA,USD,80064,70056.0,10008.0,C,C,C,2018-09
500000159,8,2018-09-22,8,2018-09-24,K4,2018009,100000011,EMEA,USD,52131,45614.625,6516.375,C,C,C,2018-09
500000160,6,2018-09-25,6,2018-09-29,K4,2018009,100000028,EMEA,USD,54468,47659.5,6808.5,C,C,C,2018-09
500000161,2,2018-09-26,2,2018-09-29,K4,2018009,100000039,EMEA,USD,9889,8652.875,1236.125,C,C,C,2018-09
500000162,9,2018-09-29,9,2018-10-04,K4,2018009,100000002,AMER,USD,29389,25715.375,3673.625,C,C,C,2018-09
500000163,3,2018-09-29,3,2018-10-02,K4,2018009,100000025,EMEA,USD,59089,51702.875,7386.125,C,C,C,2018-09
500000164,12,2018-09-29,12,2018-10-03,K4,2018009,100000004,AMER,USD,33252,29095.5,4156.5,X,X,X,2018-09
500000165,2,2018-09-29,2,2018-10-03,K4,2018009,100000005,EMEA,USD,112475,98415.625,14059.375,C,C,C,2018-09
500000166,8,2018-10-01,8,2018-10-04,K4,2018010,100000009,EMEA,USD,77065,67431.875,9633.125,C,C,C,2018-10
500000167,12,2018-10-02,12,2018-10-07,K4,2018010,100000003,AMER,USD,23589,20640.375,2948.625,C,C,C,2018-10
500000168,6,2018-10-02,6,2018-10-05,K4,2018010,100000025,EMEA,USD,126222,110444.25,15777.75,C,C,C,2018-10
500000169,12,2018-10-05,12,2018-10-10,K4,2018010,100000002,AMER,USD,1245,1089.375,155.625,C,C,C,2018-10
500000170,3,2018-10-07,3,2018-10-11,K4,2018010,100000009,EMEA,USD,59796,52321.5,7474.5,C,C,C,2018-10
500000171,4,2018-10-07,4,2018-10-12,K4,2018010,100000021,APJ,USD,153971,134724.625,19246.375,C,C,C,2018-10
500000172,5,2018-10-10,5,2018-10-11,K4,2018010,100000017,APJ,USD,120706,105617.75,15088.25,C,C,C,2018-10
500000173,4,2018-10-12,4,2018-10-13,K4,2018010,100000023,APJ,USD,28871,25262.125,3608.875,C,C,C,2018-10
500000174,6,2018-10-12,6,2018-10-16,K4,2018010,100000025,EMEA,USD,119863,104880.125,14982.875,C,C,C,2018-10
500000175,5,2018-10-12,5,2018-10-13,K4,2018010,100000017,APJ,USD,104790,91691.25,13098.75,C,C,C,2018-10
500000176,9,2018-10-13,9,2018-10-17,K4,2018010,100000033,AMER,USD,50791,44442.125,6348.875,C,C,C,2018-10
500000177,8,2018-10-13,8,2018-10-15,K4,2018010,100000014,EMEA,USD,44276,38741.5,5534.5,C,C,C,2018-10
500000178,13,2018-10-16,13,2018-10-20,K4,2018010,100000002,AMER,USD,173567,151871.125,21695.875,C,C,C,2018-10
500000179,8,2018-10-18,8,2018-10-19,K4,2018010,100000008,EMEA,USD,7794,6819.75,974.25,C,C,C,2018-10
500000180,8,2018-10-20,8,2018-10-21,K4,2018010,100000038,EMEA,USD,104780,91682.5,13097.5,C,C,C,2018-10
500000181,10,2018-10-22,10,2018-10-27,K4,2018010,100000030,AMER,USD,18841,16485.875,2355.125,C,C,C,2018-10
500000182,6,2018-10-25,6,2018-10-29,K4,2018010,100000005,EMEA,USD,38007,33256.125,4750.875,C,C,C,2018-10
500000183,4,2018-10-28,4,2018-10-31,K4,2018010,100000021,APJ,USD,82166,71895.25,10270.75,C,C,C,2018-10
500000184,6,2018-10-28,6,2018-11-01,K4,2018010,100000038,EMEA,USD,55998,48998.25,6999.75,C,C,C,2018-10
500000185,4,2018-10-30,4,2018-11-04,K4,2018010,100000015,APJ,USD,71013,62136.375,8876.625,C,C,C,2018-10
500000186,1,2018-10-30,1,2018-11-03,K4,2018010,100000000,AMER,USD,46464,40656.0,5808.0,C,C,C,2018-10
500000187,3,2018-11-02,3,2018-11-07,K4,2018011,100000008,EMEA,USD,6951,6082.125,868.875,C,C,C,2018-11
500000188,7,2018-11-05,7,2018-11-06,K4,2018011,100000031,AMER,USD,3203,2802.625,400.375,C,C,C,2018-11
500000189,2,2018-11-07,2,2018-11-09,K4,2018011,100000036,EMEA,USD,3990,3491.25,498.75,C,C,C,2018-11
500000190,13,2018-11-09,13,2018-11-14,K4,2018011,100000002,AMER,USD,8737,7644.875,1092.125,C,C,C,2018-11
500000191,2,2018-11-11,2,2018-11-14,K4,2018011,100000014,EMEA,USD,28161,24640.875,3520.125,C,C,C,2018-11
500000192,13,2018-11-11,13,2018-11-16,K4,2018011,100000032,AMER,USD,140293,122756.375,17536.625,C,C,C,2018-11
500000193,6,2018-11-12,6,2018-11-14,K4,2018011,100000039,EMEA,USD,82210,71933.75,10276.25,C,C,C,2018-11
500000194,4,2018-11-15,4,2018-11-20,K4,2018011,100000019,APJ,USD,8393,7343.875,1049.125,C,C,C,2018-11
500000195,4,2018-11-16,4,2018-11-20,K4,2018011,100000017,APJ,USD,71455,62523.125,8931.875,C,C,C,2018-11
500000196,5,2018-11-17,5,2018-11-22,K4,2018011,100000020,APJ,USD,79331,69414.625,9916.375,C,C,C,2018-11
500000197,2,2018-11-17,2,2018-11-18,K4,2018011,100000037,EMEA,USD,5996,5246.5,749.5,C,C,C,2018-11
500000198,6,2018-11-17,6,2018-11-18,K4,2018011,100000028,EMEA,USD,69065,60431.875,8633.125,C,C,C,2018-11
500000199,4,2018-11-19,4,2018-11-24,K4,2018011,100000016,APJ,USD,13728,12012.0,1716.0,C,C,C,2018-11
500000200,9,2018-11-19,9,2018-11-23,K4,2018011,100000000,AMER,USD,35580,31132.5,4447.5,C,C,C,2018-11
500000201,8,2018-11-19,8,2018-11-21,K4,2018011,100000035,EMEA,USD,31499,27561.625,3937.375,C,C,C,2018-11
500000202,6,2018-11-19,6,2018-11-21,K4,2018011,100000008,EMEA,USD,82097,71834.875,10262.125,C,C,C,2018-11
500000203,2,2018-11-20,2,2018-11-22,K4,2018011,100000039,EMEA,USD,57864,50631.0,7233.0,C,C,C,2018-11
500000204,5,2018-11-21,5,2018-11-23,K4,2018011,100000021,APJ,USD,41499,36311.625,5187.375,C,C,C,2018-11
500000205,8,2018-11-21,8,2018-11-26,K4,2018011,100000013,EMEA,USD,127879,111894.125,15984.875,C,C,C,2018-11
500000206,6,2018-11-24,6,2018-11-25,K4,2018011,100000010,EMEA,USD,134326,117535.25,16790.75,C,C,C,2018-11
500000207,11,2018-11-24,11,2018-11-26,K4,2018011,100000030,AMER,USD,62755,54910.625,7844.375,C,C,C,2018-11
500000208,2,2018-11-25,2,2018-11-29,K4,2018011,100000038,EMEA,USD,73880,64645.0,9235.0,C,C,C,2018-11
500000209,5,2018-11-26,5,2018-11-27,K4,2018011,100000020,APJ,USD,92995,81370.625,11624.375,C,C,C,2018-11
500000210,10,2018-11-28,10,2018-12-03,K4,2018011,100000034,AMER,USD,63743,55775.125,7967.875,C,C,C,2018-11
500000211,5,2018-11-30,5,2018-12-05,K4,2018011,100000023,APJ,USD,41599,36399.125,5199.875,C,C,C,2018-11
500000212,6,2018-12-01,6,2018-12-06,K4,2018012,100000013,EMEA,USD,52489,45927.875,6561.125,C,C,C,2018-12
500000213,11,2018-12-01,11,2018-12-04,K4,2018012,100000004,AMER,USD,69101,60463.375,8637.625,C,C,C,2018-12
500000214,8,2018-12-01,8,2018-12-04,K4,2018012,100000011,EMEA,USD,78788,68939.5,9848.5,C,C,C,2018-12
500000215,6,2018-12-03,6,2018-12-05,K4,2018012,100000036,EMEA,USD,89743,78525.125,11217.875,C,C,C,2018-12
500000216,7,2018-12-05,7,2018-12-10,K4,2018012,100000033,AMER,USD,83483,73047.625,10435.375,C,C,C,2018-12
500000217,5,2018-12-07,5,2018-12-11,K4,2018012,100000019,APJ,USD,79639,69684.125,9954.875,C,C,C,2018-12
500000218,5,2018-12-07,5,2018-12-08,K4,2018012,100000022,APJ,USD,77415,67738.125,9676.875,C,C,C,2018-12
500000219,1,2018-12-07,1,2018-12-10,K4,2018012,100000001,AMER,USD,8986,7862.75,1123.25,C,C,C,2018-12
500000220,11,2018-12-10,11,2018-12-11,K4,2018012,100000002,AMER,USD,2241,1960.875,280.125,C,C,C,2018-12
500000221,3,2018-12-11,3,2018-12-16,K4,2018012,100000029,EMEA,USD,77130,67488.75,9641.25,C,C,C,2018-12
500000222,5,2018-12-13,5,2018-12-18,K4,2018012,100000017,APJ,USD,156424,136871.0,19553.0,C,C,C,2018-12
500000223,4,2018-12-15,4,2018-12-17,K4,2018012,100000023,APJ,USD,33076,28941.5,4134.5,C,C,C,2018-12
500000224,2,2018-12-16,2,2018-12-19,K4,2018012,100000028,EMEA,USD,25623,22420.125,3202.875,C,C,C,2018-12
500000225,3,2018-12-19,3,2018-12-20,K4,2018012,100000006,EMEA,USD,113112,98973.0,14139.0,C,C,C,2018-12
500000226,6,2018-12-21,6,2018-12-22,K4,2018012,100000036,EMEA,USD,10043,8787.625,1255.375,C,C,C,2018-12
500000227,5,2018-12-23,5,2018-12-26,K4,2018012,100000024,APJ,USD,9600,8400.0,1200.0,C,C,C,2018-12
500000228,3,2018-12-24,3,2018-12-26,K4,2018012,100000025,EMEA,USD,61793,54068.875,7724.125,C,C,C,2018-12
500000229,4,2018-12-25,4,2018-12-26,K4,2018012,100000017,APJ,USD,1356,1186.5,169.5,C,C,C,2018-12
500000230,4,2018-12-27,4,2018-12-29,K4,2018012,100000017,APJ,USD,66098,57835.75,8262.25,C,C,C,2018-12
500000231,6,2018-12-30,6,2018-12-31,K4,2018012,100000008,EMEA,USD,53949,47205.375,6743.625,C,C,C,2018-12
500000232,2,2019-01-02,2,2019-01-04,K4,2019001,100000037,EMEA,USD,43370,37948.75,5421.25,C,C,C,2019-01
500000233,5,2019-01-04,5,2019-01-07,K4,2019001,100000019,APJ,USD,12836,11231.5,1604.5,C,C,C,2019-01
500000234,1,2019-01-05,1,2019-01-10,K4,2019001,100000032,AMER,USD,51889,45402.875,6486.125,C,C,C,2019-01
500000235,8,2019-01-06,8,2019-01-08,K4,2019001,100000037,EMEA,USD,74952,65583.0,9369.0,C,C,C,2019-01
500000236,1,2019-01-09,1,2019-01-12,K4,2019001,100000031,AMER,USD,76542,66974.25,9567.75,C,C,C,2019-01
500000237,2,2019-01-11,2,2019-01-15,K4,2019001,100000035,EMEA,USD,35181,30783.375,4397.625,C,C,C,2019-01
500000238,9,2019-01-11,9,2019-01-12,K4,2019001,100000001,AMER,USD,49230,43076.25,6153.75,C,C,C,2019-01
500000239,3,2019-01-13,3,2019-01-15,K4,2019001,100000037,EMEA,USD,133675,116965.625,16709.375,C,C,C,2019-01
500000240,2,2019-01-15,2,2019-01-20,K4,2019001,100000025,EMEA,USD,51997,45497.375,6499.625,C,C,C,2019-01
500000241,2,2019-01-17,2,2019-01-20,K4,2019001,100000027,EMEA,USD,116842,102236.75,14605.25,C,C,C,2019-01
500000242,8,2019-01-20,8,2019-01-22,K4,2019001,100000037,EMEA,USD,192075,168065.625,24009.375,C,C,C,2019-01
500000243,10,2019-01-21,10,2019-01-24,K4,2019001,100000031,AMER,USD,69109,60470.375,8638.625,C,C,C,2019-01
500000244,9,2019-01-22,9,2019-01-27,K4,2019001,100000030,AMER,USD,165757,145037.375,20719.625,C,C,C,2019-01
500000245,2,2019-01-25,2,2019-01-30,K4,2019001,100000029,EMEA,USD,16998,14873.25,2124.75,C,C,C,2019-01
500000246,4,2019-01-26,4,2019-01-27,K4,2019001,100000023,APJ,USD,14810,12958.75,1851.25,C,C,C,2019-01
500000247,14,2019-01-28,14,2019-01-29,K4,2019001,100000033,AMER,USD,43491,38054.625,5436.375,C,C,C,2019-01
500000248,8,2019-01-30,8,2019-02-01,K4,2019001,100000006,EMEA,USD,22378,19580.75,2797.25,C,C,C,2019-01
500000249,5,2019-02-02,5,2019-02-03,K4,2019002,100000023,APJ,USD,102365,89569.375,12795.625,C,C,C,2019-02
500000250,8,2019-02-03,8,2019-02-06,K4,2019002,100000039,EMEA,USD,95985,83986.875,11998.125,C,C,C,2019-02
500000251,5,2019-02-04,5,2019-02-08,K4,2019002,100000024,APJ,USD,29394,25719.75,3674.25,C,C,C,2019-02
500000252,8,2019-02-04,8,2019-02-08,K4,2019002,100000006,EMEA,USD,67009,58632.875,8376.125,C,C,C,2019-02
500000253,6,2019-02-05,6,2019-02-06,K4,2019002,100000010,EMEA,USD,23683,20722.625,2960.375,C,C,C,2019-02
500000254,8,2019-02-07,8,2019-02-11,K4,2019002,100000011,EMEA,USD,1596,1396.5,199.5,C,C,C,2019-02
500000255,3,2019-02-10,3,2019-02-13,K4,2019002,100000036,EMEA,USD,77608,67907.0,9701.0,C,C,C,2019-02
500000256,8,2019-02-10,8,2019-02-13,K4,2019002,100000013,EMEA,USD,157261,137603.375,19657.625,C,C,C,2019-02
500000257,8,2019-02-10,8,2019-02-11,K4,2019002,100000035,EMEA,USD,8266,7232.75,1033.25,C,C,C,2019-02
500000258,2,2019-02-12,2,2019-02-17,K4,2019002,100000009,EMEA,USD,16399,14349.125,2049.875,C,C,C,2019-02
500000259,6,2019-02-15,6,2019-02-16,K4,2019002,100000035,EMEA,USD,73573,64376.375,9196.625,C,C,C,2019-02
500000260,2,2019-02-17,2,2019-02-19,K4,2019002,100000025,EMEA,USD,101024,88396.0,12628.0,C,C,C,2019-02
500000261,4,2019-02-19,4,2019-02-23,K4,2019002,100000019,APJ,USD,82217,71939.875,10277.125,C,C,C,2019-02
500000262,2,2019-02-22,2,2019-02-24,K4,2019002,100000013,EMEA,USD,107652,94195.5,13456.5,C,C,C,2019-02
500000263,3,2019-02-22,3,2019-02-26,K4,2019002,100000013,EMEA,USD,43992,38493.0,5499.0,C,C,C,2019-02
500000264,5,2019-02-25,5,2019-02-28,K4,2019002,100000019,APJ,USD,64578,56505.75,8072.25,C,C,C,2019-02
500000265,11,2019-02-27,11,2019-03-03,K4,2019002,100000002,AMER,USD,126885,111024.375,15860.625,C,C,C,2019-02
500000266,1,2019-02-28,1,2019-03-05,K4,2019002,100000001,AMER,USD,10998,9623.25,1374.75,C,C,C,2019-02
500000267,4,2019-03-03,4,2019-03-05,K4,2019003,100000018,APJ,USD,71977,62979.875,8997.125,C,C,C,2019-03
500000268,4,2019-03-06,4,2019-03-08,K4,2019003,100000019,APJ,USD,71677,62717.375,8959.625,C,C,C,2019-03
500000269,8,2019-03-08,8,2019-03-10,K4,2019003,100000026,EMEA,USD,51832,45353.0,6479.0,C,C,C,2019-03
500000270,3,2019-03-11,3,2019-03-15,K4,2019003,100000013,EMEA,USD,135856,118874.0,16982.0,C,C,C,2019-03
500000271,5,2019-03-14,5,2019-03-19,K4,2019003,100000022,APJ,USD,6384,5586.0,798.0,C,C,C,2019-03
500000272,5,2019-03-16,5,2019-03-20,K4,2019003,100000020,APJ,USD,133010,116383.75,16626.25,C,C,C,2019-03
500000273,14,2019-03-18,14,2019-03-22,K4,2019003,100000032,AMER,USD,153073,133938.875,19134.125,C,C,C,2019-03
500000274,9,2019-03-21,9,2019-03-26,K4,2019003,100000030,AMER,USD,84470,73911.25,10558.75,C,C,C,2019-03
500000275,4,2019-03-23,4,2019-03-24,K4,2019003,100000016,APJ,USD,34807,30456.125,4350.875,C,C,C,2019-03
500000276,4,2019-03-24,4,2019-03-26,K4,2019003,100000024,APJ,USD,125849,110117.875,15731.125,C,C,C,2019-03
500000277,8,2019-03-27,8,2019-03-31,K4,2019003,100000009,EMEA,USD,45986,40237.75,5748.25,C,C,C,2019-03
500000278,8,2019-03-28,8,2019-03-30,K4,2019003,100000013,EMEA,USD,23155,20260.625,2894.375,C,C,C,2019-03
500000279,1,2019-03-31,1,2019-04-03,K4,2019003,100000033,AMER,USD,50696,44359.0,6337.0,C,C,C,2019-03
500000280,2,2019-04-02,2,2019-04-06,K4,2019004,100000038,EMEA,USD,71416,62489.0,8927.0,C,C,C,2019-04
500000281,13,2019-04-04,13,2019-04-05,K4,2019004,100000033,AMER,USD,82497,72184.875,10312.125,C,C,C,2019-04
500000282,5,2019-04-07,5,2019-04-10,K4,2019004,100000023,APJ,USD,182951,160082.125,22868.875,C,C,C,2019-04
500000283,1,2019-04-10,1,2019-04-11,K4,2019004,100000033,AMER,USD,6201,5425.875,775.125,C,C,C,2019-04
500000284,10,2019-04-10,10,2019-04-12,K4,2019004,100000004,AMER,USD,64502,56439.25,8062.75,C,C,C,2019-04
500000285,2,2019-04-11,2,2019-04-12,K4,2019004,100000027,EMEA,USD,53005,46379.375,6625.625,C,C,C,2019-04
500000286,12,2019-04-14,12,2019-04-15,K4,2019004,100000032,AMER,USD,11580,10132.5,1447.5,C,C,C,2019-04
500000287,5,2019-04-17,5,2019-04-22,K4,2019004,100000024,APJ,USD,79400,69475.0,9925.0,C,C,C,2019-04
500000288,3,2019-04-18,3,2019-04-19,K4,2019004,100000025,EMEA,USD,28587,25013.625,3573.375,C,C,C,2019-04
500000289,6,2019-04-19,6,2019-04-20,K4,2019004,100000008,EMEA,USD,6687,5851.125,835.875,C,C,C,2019-04
500000290,2,2019-04-20,2,2019-04-22,K4,2019004,100000005,EMEA,USD,130393,114093.875,16299.125,C,C,C,2019-04
500000291,3,2019-04-22,3,2019-04-25,K4,2019004,100000006,EMEA,USD,115202,100801.75,14400.25,C,C,C,2019-04
500000292,7,2019-04-23,7,2019-04-27,K4,2019004,100000032,AMER,USD,14095,12333.125,1761.875,C,C,C,2019-04
500000293,12,2019-04-26,12,2019-05-01,K4,2019004,100000004,AMER,USD,123584,108136.0,15448.0,C,C,C,2019-04
500000294,8,2019-04-29,8,2019-05-03,K4,2019004,100000006,EMEA,USD,66763,58417.625,8345.375,C,C,C,2019-04
500000295,8,2019-04-29,8,2019-05-02,K4,2019004,100000011,EMEA,USD,36979,32356.625,4622.375,C,C,C,2019-04
500000296,3,2019-04-29,3,2019-05-02,K4,2019004,100000039,EMEA,USD,96921,84805.875,12115.125,C,C,C,2019-04
500000297,11,2019-05-01,11,2019-05-03,K4,2019005,100000003,AMER,USD,68558,59988.25,8569.75,C,C,C,2019-05
500000298,2,2019-05-02,2,2019-05-07,K4,2019005,100000028,EMEA,USD,13345,11676.875,1668.125,C,C,C,2019-05
500000299,4,2019-05-04,4,2019-05-09,K4,2019005,100000019,APJ,USD,110679,96844.125,13834.875,C,C,C,2019-05
500000300,9,2019-05-07,9,2019-05-09,K4,2019005,100000004,AMER,USD,145567,127371.125,18195.875,C,C,C,2019-05
500000301,2,2019-05-08,2,2019-05-10,K4,2019005,100000013,EMEA,USD,20968,18347.0,2621.0,C,C,C,2019-05
500000302,6,2019-05-10,6,2019-05-12,K4,2019005,100000037,EMEA,USD,62193,54418.875,7774.125,C,C,C,2019-05
500000303,13,2019-05-12,13,2019-05-13,K4,2019005,100000002,AMER,USD,74136,64869.0,9267.0,C,C,C,2019-05
500000304,12,2019-05-15,12,2019-05-19,K4,2019005,100000033,AMER,USD,95667,83708.625,11958.375,C,C,C,2019-05
500000305,7,2019-05-15,7,2019-05-17,K4,2019005,100000030,AMER,USD,150631,131802.125,18828.875,C,C,C,2019-05
500000306,2,2019-05-16,2,2019-05-20,K4,2019005,100000035,EMEA,USD,92625,81046.875,11578.125,C,C,C,2019-05
500000307,13,2019-05-19,13,2019-05-21,K4,2019005,100000002,AMER,USD,49093,42956.375,6136.625,C,C,C,2019-05
500000308,9,2019-05-19,9,2019-05-22,K4,2019005,100000001,AMER,USD,137532,120340.5,17191.5,X,X,X,2019-05
500000309,5,2019-05-21,5,2019-05-25,K4,2019005,100000021,APJ,USD,67219,58816.625,8402.375,C,C,C,2019-05
500000310,1,2019-05-24,1,2019-05-29,K4,2019005,100000004,AMER,USD,49893,43656.375,6236.625,I,C,I,2019-05
500000311,5,2019-05-24,5,2019-05-25,K4,2019005,100000016,APJ,USD,44627,39048.625,5578.375,C,C,C,2019-05
500000312,8,2019-05-25,8,2019-05-27,K4,2019005,100000008,EMEA,USD,55065,48181.875,6883.125,C,C,C,2019-05
500000313,2,2019-05-28,2,2019-05-30,K4,2019005,100000011,EMEA,USD,73561,64365.875,9195.125,C,C,C,2019-05
500000314,6,2019-05-30,6,2019-06-03,K4,2019005,100000039,EMEA,USD,39905,34916.875,4988.125,I,I,I,2019-05
500000315,4,2019-05-31,4,2019-06-04,K4,2019005,100000024,APJ,USD,38783,33935.125,4847.875,C,C,C,2019-05
500000316,2,2019-06-02,2,2019-06-04,K4,2019006,100000029,EMEA,USD,2880,2520.0,360.0,I,I,I,2019-06
500000317,10,2019-06-02,10,2019-06-04,K4,2019006,100000031,AMER,USD,16196,14171.5,2024.5,I,I,C,2019-06
500000318,5,2019-06-05,5,2019-06-08,K4,2019006,100000022,APJ,USD,124157,108637.375,15519.625,I,I,I,2019-06
500000319,5,2019-06-08,5,2019-06-09,K4,2019006,100000024,APJ,USD,53533,46841.375,6691.625,I,I,C,2019-06
500000320,8,2019-06-10,8,2019-06-15,K4,2019006,100000013,EMEA,USD,37505,32816.875,4688.125,I,I,C,2019-06
500000321,2,2019-06-12,2,2019-06-15,K4,2019006,100000005,EMEA,USD,123784,108311.0,15473.0,I,I,C,2019-06
500000322,8,2019-06-15,8,2019-06-18,K4,2019006,100000036,EMEA,USD,43268,37859.5,5408.5,I,I,C,2019-06
500000323,8,2019-06-15,8,2019-06-17,K4,2019006,100000037,EMEA,USD,100036,87531.5,12504.5,I,I,C,2019-06
500000324,6,2019-06-16,6,2019-06-17,K4,2019006,100000013,EMEA,USD,13777,12054.875,1722.125,I,I,C,2019-06
500000325,13,2019-06-17,13,2019-06-21,K4,2019006,100000001,AMER,USD,87591,76642.125,10948.875,I,I,C,2019-06
500000326,13,2019-06-17,13,2019-06-18,K4,2019006,100000004,AMER,USD,54809,47957.875,6851.125,I,I,C,2019-06
500000327,1,2019-06-17,1,2019-06-22,K4,2019006,100000003,AMER,USD,17066,14932.75,2133.25,I,I,I,2019-06
500000328,8,2019-06-18,8,2019-06-20,K4,2019006,100000036,EMEA,USD,11016,9639.0,1377.0,I,I,I,2019-06
500000329,7,2019-06-19,7,2019-06-20,K4,2019006,100000031,AMER,USD,90621,79293.375,11327.625,I,I,C,2019-06
500000330,11,2019-06-22,11,2019-06-26,K4,2019006,100000000,AMER,USD,113871,99637.125,14233.875,I,I,C,2019-06
500000331,3,2019-06-25,3,2019-06-26,K4,2019006,100000009,EMEA,USD,12693,11106.375,1586.625,I,I,I,2019-06
500000332,13,2019-06-27,13,2019-07-01,K4,2019006,100000034,AMER,USD,70528,61712.0,8816.0,I,I,C,2019-06
500000333,5,2019-06-27,5,2019-07-01,K4,2019006,100000022,APJ,USD,16576,14504.0,2072.0,I,I,I,2019-06
